id,name,company,industry,size,source,created_at
1,Jessica George,"Brown, Hunter and Wood",Technology,469,Organic,2025-06-13T11:29:08.792653+00:00Z
2,Kelly Santos,Elliott-Nguyen,Healthcare,266,Organic,2025-06-23T11:29:08.793892+00:00Z
3,Kayla Cook,Wilson Group,Technology,449,Email,2025-06-04T11:29:08.794513+00:00Z
4,Jennifer Miller,Hernandez Group,Finance,59,PPC,2025-06-21T11:29:08.794863+00:00Z
5,Margaret Wallace,Henry PLC,Manufacturing,131,Referral,2025-06-02T11:29:08.795344+00:00Z
6,Gregory Dodson,Blair-Turner,Finance,287,Email,2025-06-19T11:29:08.795732+00:00Z
7,Victoria Avila,"Jones, Hull and Collins",Finance,141,PPC,2025-06-09T11:29:08.796111+00:00Z
8,Mark Reed,"Castro, Arnold and Burns",Technology,449,PPC,2025-06-09T11:29:08.796563+00:00Z
9,Robert Johnson,Rasmussen LLC,Finance,282,Organic,2025-06-01T11:29:08.796959+00:00Z
10,George Dominguez,Fox-Torres,Finance,350,Referral,2025-06-26T11:29:08.797185+00:00Z
11,Ronald Alvarez,Day LLC,Technology,308,Organic,2025-06-02T11:29:08.797484+00:00Z
12,Mary Douglas,"Cain, Johnson and Bernard",Healthcare,305,Email,2025-06-20T11:29:08.797712+00:00Z
13,Scott Crane,Davis-Campbell,Finance,43,Email,2025-06-10T11:29:08.798087+00:00Z
14,Drew Wu,"Bell, Newman and Ellis",Finance,329,PPC,2025-06-09T11:29:08.798376+00:00Z
15,Jeremiah Malone,Tyler PLC,Finance,317,Email,2025-06-14T11:29:08.798760+00:00Z
16,Kimberly Robinson,Brown-Johnson,Technology,427,Organic,2025-06-25T11:29:08.798969+00:00Z
17,Kimberly Ray,Hanson-Murphy,Manufacturing,45,PPC,2025-06-20T11:29:08.799256+00:00Z
18,Eric King,Garza-Wells,Finance,444,PPC,2025-05-28T11:29:08.799537+00:00Z
19,Courtney Walton,Spencer-Potter,Healthcare,351,Referral,2025-06-25T11:29:08.799838+00:00Z
20,Steve Price,Andrade LLC,Healthcare,26,Organic,2025-06-06T11:29:08.800104+00:00Z
21,Makayla Palmer,"Rodriguez, Stephens and Lewis",Healthcare,411,Organic,2025-06-17T11:29:08.800296+00:00Z
22,Cheryl Rice,Aguirre-Moss,Finance,480,Email,2025-06-26T11:29:08.800665+00:00Z
23,Brenda Adams,Thompson-Russell,Finance,151,Organic,2025-06-12T11:29:08.800938+00:00Z
24,Taylor Gardner,Oconnor-Austin,Technology,153,Email,2025-05-31T11:29:08.801197+00:00Z
25,Lori Knight,Gregory-Perkins,Healthcare,90,Email,2025-06-15T11:29:08.801465+00:00Z
26,Anthony Watkins,Young-Owens,Technology,245,PPC,2025-06-25T11:29:08.801720+00:00Z
27,Edgar Brewer,"Wong, Campbell and Rivera",Technology,104,PPC,2025-06-21T11:29:08.801957+00:00Z
28,William Washington,Green-Lang,Finance,474,Referral,2025-06-06T11:29:08.802315+00:00Z
29,Brian Clark,Callahan-Jensen,Manufacturing,225,Referral,2025-06-01T11:29:08.802567+00:00Z
30,Dana Morris,"Keller, Simpson and Molina",Technology,492,Email,2025-06-13T11:29:08.802798+00:00Z
31,Shannon Coleman,Evans-Martin,Finance,418,Email,2025-06-12T11:29:08.803105+00:00Z
32,Yvonne Bass,"Gutierrez, Elliott and Warren",Technology,213,PPC,2025-06-05T11:29:08.803342+00:00Z
33,Carlos Fisher,"Moon, Roberts and Lewis",Healthcare,57,Email,2025-06-20T11:29:08.804177+00:00Z
34,Kirk Wilson,Cuevas-Bolton,Manufacturing,155,Organic,2025-06-02T11:29:08.804499+00:00Z
35,Daniel Anderson,Diaz-White,Finance,401,Email,2025-06-05T11:29:08.804755+00:00Z
36,Andrew Marquez,Hampton-Reynolds,Healthcare,286,Email,2025-06-16T11:29:08.805101+00:00Z
37,Tiffany Garcia,Mclean-King,Finance,49,PPC,2025-06-06T11:29:08.805391+00:00Z
38,Stephanie Stewart,Gomez PLC,Technology,21,PPC,2025-06-15T11:29:08.805652+00:00Z
39,Gregory Miller,Henderson-Jimenez,Finance,36,PPC,2025-06-11T11:29:08.805841+00:00Z
40,Natalie Irwin,Carpenter-Cline,Manufacturing,410,Email,2025-06-13T11:29:08.806099+00:00Z
41,Desiree Harvey,Holmes-Frey,Manufacturing,85,Email,2025-06-11T11:29:08.806347+00:00Z
42,Mark West,Turner Inc,Finance,65,Organic,2025-05-31T11:29:08.806611+00:00Z
43,Amanda Walker,Garcia-Diaz,Technology,405,Referral,2025-06-24T11:29:08.806827+00:00Z
44,Monica Hunt,"Anderson, Robinson and Graham",Technology,304,PPC,2025-06-23T11:29:08.807152+00:00Z
45,Thomas Davis,Aguirre-Bryant,Technology,382,Email,2025-06-20T11:29:08.807474+00:00Z
46,Monica Smith,"Riley, Mcgee and Huffman",Technology,64,PPC,2025-06-15T11:29:08.807712+00:00Z
47,Kevin Gordon,Underwood Ltd,Finance,251,Organic,2025-05-30T11:29:08.808004+00:00Z
48,Steven Jackson,Hill Inc,Technology,336,Referral,2025-06-04T11:29:08.808184+00:00Z
49,Abigail Kim,"Dickerson, Walker and Jones",Manufacturing,301,Referral,2025-06-07T11:29:08.808355+00:00Z
50,Natasha Herman,James-White,Finance,254,Email,2025-06-04T11:29:08.808658+00:00Z
